Andaman & Nicobar Islands,
Andaman Nicobar Island Institute of Medical Sciences (ANIIMS),"DHS Annexe Building, Port Blair, PB744104, India"
Andhra Pradesh,
"Alluri Sitaram Raju Academy of Medical Sciences, Malkapuram,Eluru","Malkapuram Village, Eluru (Mandal), 534005, Eluru District, AP"
Apollo Hospitals Enterprise Limited,"Apollo Hopsitals, Health City, Arilova, Chinagadhili, Visakhapatnam 530040, AP"
Good Samaritan Cancer and General Hospital,"Good Samaritan Cancer and General Hospital, Jose Nagar, Eluru, AP - 534001"
"HCG Curie City Cancer Centre , Vijayawada","# 44-1-1/3, Padavalarevu, Machavaram Down, Gunadala, Vijayawada – 520 004 "
"Homi Bhabha Cancer Hospital & Research Centre, Vizag","Aganampudi, Gajuwaka Mandalam, Visakhapatnam 530 053, Andhra Pradesh"
Jayathi Hospitals,"OPP.APSRTC Bus Stand,Old Club Road Kothapeta,Guntur -52201"
Mahatma Gandhi Cancer Hospital & Research Institute,"1/7, MVP Main Road, MVP Colony, Vishakapatnam, Andhra Pradesh 5300177"
Sri Venkateshwara Institute of Medical Sciences Univerity Cancer Centre,"Alipiri Road, Chittoor District, Tirupati, Andhra Pradesh 517 507"
Sri Venkateswara Institute of Cancer Care and Advanced Research (SVICCAR) - a unit of Alamelu Charitable Foundation (ACF),"Prakasam Nagar Colony, Sri Padmavati Mahila Visvavidyalayam, Tirupati, Andhra Pradesh 517507"
Viswabharathi Cancer Hospital (A Unit of Viswabharathi Medical College and General Hospital,"RT Nagar, Penchikaapadu Village, Off. Bellary Road, Kurnool 518463"
Arunachal Pradesh,
"Tertiary Cancer Centre, Arunachal Pradesh","Tomo Riba State Hospital, Naharlagun, Arunachal Pradesh"
Assam,
Assam Cancer Care Foundation,"Assam Cancer Care Foundation 3rd and 4th Floor, V K Trade Centre Opposite Downtown Hospital G S Road, Guwahati - 781022 Assam, India"
Cachar Cancer Hospital & Research Centre,"N. S. Avenue, Meharpur, Beltolla, Silchar, Assam 788 005"
Deepsikha Foundation (Cancer Care Foundation),"HO - House No.18, Bhola Baba Path, Six Mile, Guwahati - 781022"
Dr. B. Borooah Cancer Institute,"Gopinath Nagar, Guwahati, Assam 781 016"
Guwahati Medical College Hospital,"GMCH Complex, GMCH Road, Bhangagarh, Guwahati 781032 Assam"
"Shankara Cancer and Research Institute, Tezpur, Assam - Only Medical Oncology","Dorika Hospitals, 3rd Floor, Majgaon, Tezpur, Assam 784001"
Bihar,
"All India Institute of Medical Sciences, Patna","Patna - Aurangabad Rd, Phulwari Sharif, Patna, Bihar 801507"
"Homi Bhabha Hospital and Cancer Research , Tata Memorial Centre, Muzaffarpur","Uma Nagar, Rasulpur, SKMCH Campus, Bihar 842004, India"
"Indira Gandhi Institute of Medical Sciences, Patna","Sheikhpura, Patna 800014, Bihar"
Magadh Cancer Centre,"Vishweshwariya Nagarm, Near Bihar Collage of Pharmacy , Gola Road, Bailey Road, Patna 801503"
Mahavir Cancer Sansthan,"Khagoul Road, Phulwari Sharif, Patna, Bihar 801 505"
Paras Cancer Centre,"Paras HMRI Hospital, NH 30, Raja Bazar, Bailey Road, Patna, Bihar 800014"
S S Hospital and Research Centre,"Doctors Colony (Near malahi Pakri Chowk), Kankarbagh, Patna 800020"
Savera Cancer and Multispecialty Hospital,"GC/5GC6, Dr R N Singh Road,Lohiya Nagar, Kankarbagh, Patna-800020"
Swami Vivekanand Cancer Aspatal,"Vivekananda Nagar, Mabbi, Darbhanga, Bihar – 846005, India."
Chandigarh,
Postgraduate Institute of Medical Education & Research (PGI Chandigarh)- Regional Cancer Centre,"Sector 12, Chandigarh 160 012"
Chattisgarh,
BALCO Medical Centre (Vedanta Medical Research Foundation),"Road, Sector 36, Uparwara, Naya Raipur, Chhattisgarh 493661"
"Jan Swasthya Sahayog, (Peoples Health Support Group)","Ganiyari Village, P O Bilaspur District, Chhattisgarh 495112,"
"Regional Cancer Centre, Raipur","Jail Road, Raipur, Chhattisgarh 492001"
Sanjeevani CBCC USA Cancer Hospital,"In front of Jain Mandir, Near Ram Krishna Care Hospital, Dawada Colony, Pachpedhi Naka, Raipur, Chattisgarh 492 001"
Delhi,
"All India Institute of Medical Sciences, Dr. B. R. A. Institute Rotary Cancer Hospital, New Delhi","Ansari Nagar, New Delhi 110 029"
CanKids,"D 7/7, Vasant Vihar New Delhi"
CanSupport Services,"A2 (2nd Floor), Gulmohar Park, (Opp Kamla Nehru College) New Delhi-110049"
Delhi State Cancer Institute,"EAST: Dilshad Garden, Delhi 110 095 WEST: C-2/B, Janak Puri, New Delhi 110 058"
Dharamshila Hospital & Research Centre,"Vasundhara Enclave, Near New Ashok Nagar Metro Station, New Delhi, Delhi 110096"
"Fortis Cancer Institute Vasant Kunj, New Delhi","Fortis Flt, Lt. Rajan Dhall Charitable Trust Hospital, Sector B , pocket 1, Aruna Asaf Ali Marg, Vasant Kunj, New Delhi 110070"
Fortis Shalimarbagh – New Delhi,"Fortis Hospital, A block, Shalimar Bagh, New Delhi 110088"
Human Care Medical Charitable Trust Manipal Hospitals,"Human Care Medical Charitable Trust Manipal Hospitals, Dwarka, Sector 6, near telephone exchange, New Delhi - 110 075"
"Indian Cancer Society, Delhi","B 63-64,Basement, South Extension Part-II, New Delhi - 110 049"
Indraprastha Apollo Hospital,"Sarita Vihar , Mathura Road, New Delhi, Delhi 110076"
"Max Institute of Cancer Care, Shalimarbagh","Shalimar Bagh, FC -50, C &D Shalimar Bagh, New Delhi 110088"
"Max Super Speciality Hospital, Dwarka","Max Super Speciality Hospital, Dwarka (A Unit of Muthoot Hospitals Pvt Ltd), Plot No. 1, Sector 10, Dwarka, New Delhi - 10075"
"Max Super Speciality Hospital, Patparganj","108A, I.P. Extension, Patparganj, Delhi 110092"
"Max Super Speciality Hospital, Saket","Saket, 1 Press Enclave Road, New Delhi 110 022"
Rajiv Gandhi Cancer Institute & Research Centre,"Sector 5, Rohini, New Delhi 110 085"
Sachin Sarcoma Society,"H.No. 567, Mukhmelpur, North West Delhi - 110036"
"Vardhman Mahavir Medical College & Safdarjung Hospital, New Delhi",New Delhi 1100029
Goa,
Goa Medical College,"Bambolim, Goa.403202 Tiswadi"
"Manipal Hospital, Goa","Dr. E. Borges Road, Donapaula, Goa 403004"
Gujarat,
Aaruni Hospital,"Next to Holy Saint School, Kalawad Road, Rajkot 360001"
"Apollo Hospitals, Ahmedabad","Bhat GIDC, Dist Gandhinagar, Gujarat 382428"
Awishkar Health1 Multispeciality Hospital,"Nijanandnagar, Nr. Motipura Railway Over Bridge, Himmatnagar, Sabarkantha, Gujarat - 383001"
"Dhiraj hospital, Constituent of S.B.K.S Medical Institute & Research Centre","Sumandeep Vidhyapeeth, Vadodara, Gujarat 391760"
Gokul Hospital,"12/14, Manhar Plot, Vidhyanagar Main Road, Rajkot, 630001"
Gujarat Cancer & Research Institute,"Civil Hospital Campus, Asarwa, Ahmedabad 380 016, Gujarat"
"HCG Cancer Centre, Ahmedabad","HCG Cancer Centre, Sola -Science City, Rad Near Sola Bridge, S G Highway, Ahmedabad, Gujarat 380060"
"HCG Cancer Centre, Vadodara","Sun-Pharma Atladra Road, Pramukh Swami nagar, Tandalja, Vadodara, Gujarat 390012"
Himalaya Cancer Hospital and Research Centre,"4, Vinod Baug, B/H Railway station, Jetalpur Brigde, Alkapuri, Vadodara, Gujarat, 390007"
K K Patel Super Speciality Hospital,"Near Kutch University, Mundra Road, Bhuj, Kachchh, Gujarat - 370001"
Kailash Cancer Hospital & Research Centre,"Muni Seva Ashram Office, 12 Blue Chip Complex, Opp. Parsi Agiary Ground, Rajshree Cinema Lane, Sayajigunj, Vadodara 390005"
Khimji Jamnadas SuperSpeciality Pvt Ltd.,"Regd Office - SRVY no. 18/P6-P7-1 Plot No.1/4, Ganga Park op. K.J. Multispeciality Hospital, Near Zanzarda Chowkdi, Junagadh, Gujarat"
Kothari Onco -Surgical Hospital,"Sakar Complex, 1st Floor, Above SBI, Pranav Society, Nr. Krishnabaug, Maninagar, Ahmedabad, 380008"
Krishna Multispeciality Hospital and Trauma Care,"Unit of RadheKrishna Medicare Pvt. Ltd., Shradhha Complex, Near Dwarkesh Complex, Near Railway Crossing , Visnagar 384315, Gujarat"
"Krishna Shalby Mulitspecialty Hospital, Ahmedabad (A UNIT OF SHALBY LIMITED)","319- Green City, Ghuma. Via 30paI, Ahmedabad-380058_ Gujarat, India"
"Lions Cancer Detection Centre Trust, Surat","Post Box No. 20, Government Medical College Campus, Majura Gate Surat, 395001"
"M. S. Patel Cancer Centre (managed by Charutar Arogya Mandal, Shree Krishna Hospital)","Gokal Nagar, Karamsad 388 325, District Anand, Gujarat"
N H Narayana Multispeciality Hospital,"Nr. Chakudiya Mahadev, Rakhial Cross Road , Opp. Rakhial Police Station, Rakhial , Ahmedabad, Gujarat - 380023"
N M Virani Wockhardt Hospital,"Kalawad Road, Rajkot 360007, Gujarat"
"Parul Sevashram Hospital, Parul Institute of Medical Science and Research, Parul University.","Post Limda, Taluka Waghodia, District, Vadodara, Gujarat - 391761"
"Pramukh Cancer Hospital, Palampur","Block A1, Medipolis New Doctor House, Deesa Highway, Palanpur-Banaskantha, Gujarat, 385001"
Rajkot Cancer Society,"Smt Anilaben Kantilal Kothari Cancer Chiktsa Bhavan, 1, Trupti Nagar, Opp Nirmala Convent School, Rajkot 360007"
Ratandeep Cancer Centre and Multispeciality Hospital,"New City Light Road, Surat -395007"
Royal Plus Shashwat,"60 feet road, Chandan Park Main Rd, near Paradise Hall Road, Gopal Chock, Rajkot, Gujarat - 360005"
Samanvay Multispeciality Hospitals Pvt. Ltd.,"Near Koyalli Fatak, Shapur, Taluka - Vanthali, District - Junagadh, Gujarat 362205"
"Samast Patidar Aarogya Trust, Kiran Hospital, Multi Super Speciality Hospital & Research Center","Nr. Sumul Dairy, Surat, Gujrat-395 004"
Shaleen Healthcare Pvt. Ltd.,"2nd Floor, Shaleen Plaza, Near Shukan Mal, Cross Roads, Beside Mangaldeep Pafi Plot,Sola-Science City Road, Sola,Ahmedabad-380060."
"Shankus Hospital Pvt. Ltd., (Shankus Medicity), Mehsana.","Amipura Ahmedabad- Mehsana highway, Mehasana Gujarat 384435"
Shree Bhartimaiya Memorial Foundation (Bharat Cancer Hospital and Research Institute and Nirali Memorial Radiation Centre),"Manav Daya Trust Comples, Surat Bardoli Road, Saroli, Surat 395010, Gujarat"
Shubham Cancer Centre,"Near Sola Over Bridge, Hebatpur Road, opp. Zydus Hospital, Thaltej, Ahmedabad 380059"
Smt. Jayaben Mody Hospital,"624, 1, Ankleshwar - Valia Rd, GIDC, Ankleshwar GIDC, Kosamdi, Gujarat 393002"
Starlit Cancer Centre,"Kothia Hospital campus, Nikol, Ahmedabad, Gujarat 382350"
Surat Oncology Centre (Day Care Centre),"2'° Floor, Zenon , Opp. Unique Hospital, Near Kiran Motors, Next to Opera House, Off Ring Road, Khatodara, Surat - 395002"
Haryana,
Amrita Institute of Medical Science and Research Centre  - Faridabad,"Amrita Hospital, Mata Amritanandamayi Marg, Sector 88, Faridabad Haryana, 121002, India"
Asian Institute of Medical Sciences,"Badkal Flyover, Road, Sector 21A, Faridabad, Haryana 121001"
Bhanot Hospital,"SCO 188/18,New Friends Colony, Jharsa Road Gurgaon - 122001(Haryana)"
"Fortis Memorial Research Institute, Gurgaon","Sector-44, Gurgaon, Haryana 122002"
Koita Centre For Digital Health- Ashoka University,"PLOT: #2, Rajiv Gandhi Education City, P. O. Rai, Sonepat, Haryana - 131029"
LHDM & Dr Prem Hospital Pvt. Ltd,"Bishan Saroop Colony, Opp. Bus Stand, Panipat  , Haryana 132103"
Medanta Cancer Institute,"The Medicity, CH Baktawar Singh Road, Sector 38, Gurugram, Haryana 122001"
"Narayana Superspeciality Hospital, Gurugram","Plot 3201, Block-V, DLF Phase-III, Sector 24 Gurugram, Haryana 122001"
Pandit Bhagwat Dayal Sharma Post Graduate Institute of Medical Sciences,"Medical Road, Rohtak, Haryana 124 001"
Paras Cancer Centre,"Paras Hospitals,C-1 Sushant Lok, Phase -1 Sector-43, Gurgaon Haryana"
Rise to Survive Cancer,"B1-1104 Gurgaon 21 (G21) Avenue, Sector 83, Vatika India Next, Opposite MaitriKiran High School, Gurgaon, Haryana Pin: 122004"
Rotary Ambala Cancer and General Hospital,"Opp. Dussehra Ground, Mill Road, Ambala Cantt. - 133001"
Himachal Pradesh,
"Indira Gandhi Medical College, Shimla","Circular Road, Lakkar Bazar, Shimla, Himachal Pradesh 171001"
Jammu & Kashmir,
"Department of Radiation Oncology, Government Medical College, Srinagar","Govt Medical College Srinagar, Karan Nagar, Srinagar - 190010"
Hakim Sanaullah Specialist Hospital & Cancer Centre,"Hakim Sanaullah Specialist Hospital & Cancer Centre, Near Fruit Mandi, Mazbugh Road, Sopore, J&K - 193201"
"Regional Cancer Centre, Government Medical College","Bakshi Nagar, Jammu 180 001"
Sher - I - Kashmir Institute of Medical Sciences (SKIMS),"Soura, Srinagar, Jammu & Kashmir 190 011"
Jharkhand,
"All India Institute of Medical Sciences, Deoghar","AIIMS Deoghar Devipur, Jharkhand, India, PIN – 814152"
Asarfi Cancer Institute (Asarfi Hospital),"Asarfi Health Educity, Ranguni Road, Ranguni, Bhuli, Dhanbad 828117, Jharkhand"
HCG-Abur- Razzaque Ansari Cancer Institute,Irba Ranchi 835217
Meherbai Tata Memorial Hospital,"Institute of Oncology, Cancer Research & Treatment, Stocking Road, Jamshedpur - 831001, Jharkhand"
"Paras HEC Hospital (Unit of Paras Healthcare (Ranchi), Pvt. Ltd.)","Near JSCA Stadium, Opp. Prabhat Tara School, Sector-3, Dhurwa, Ranchi- 83004, Jharkhand."
"Ranchi Cancer Hospital & Research Centre(Tata Trusts),Ranchi,Jharkhand,","PLot no. 580, Sukurhutu Road, Kadma , Kanka , Ranchi 834006, Jharkhand"
Tata Main Hospital,"Road West, Northern Town , Jamshedpur 831001 ,Jharkhand (IND)"
Karnataka,
"Apollo Hospitals, Bangalore","#154/11, Opp IIM, Banherghatta Road, Bengaluru, 560 076"
"Aster International Institute of Oncology, Aster CMI Bangalore","No. 43/2, New Airport Road, NH 44, Sahakar Nagar, Hebbal Bengaluru, Karnataka, 560092"
Bangalore Hospice Trust - Karunashraya,"Banglaore Hospice Trust, Old Airport – Varthur Main Road, Kundalahalli Gate, Marathahalli, Bangalore – 56 0037, India"
Cytecare Hospitals Pvt Ltd,"Venkatala, Near Bagalur Cross , Yelahanka, Bengaluru, Karnataka Pin- 560064"
"Fortis Hospital Ltd, Bannerghatta Road, Bangalore","154/9, Opposite IIM-B, Bannerghatta Road, Bengaluru, Karnataka - 560076"
"HCG Cancer Centre, Kalaburagi","No.1-10/A, 1-10 Khuba Plot, Station Road, Gulbarga, Karnataka- 585 102"
"HCG NMR Cancer Centre, Hubli","HCG NMR Cancer Centre, Hubli Road, Near Revankar Motors, Deshpande Nagar, Hubli 580029"
Healthcare Global Enterprises Ltd.Specialty Centre,"#44-45/2, 2nd Cross, Rajaram Mohan Roy Road Extension, Off. Lalbaugh Double Road, Shanthinagar, Bengaluru, Karnataka 560027"
"Indian Cancer Society, Bangalore","268/1-4, ground Floor, 9 th ‘A’ Main Road, 2 nd Block, Jayanagar, Bengaluru , 560011"
Jawaharlal Nehru Medical College (KLE academy of Higher Education & Research),"Nehru Nagar, Belagavi 590010, Karnataka"
Kasturba Medical College and Hospital,"Madhav Nagar, Near Tiger Circle, Manipal, Karnataka 576104"
Kidwai Memorial Institute of Oncology,"Dr. M. H. Marigowda Road, Hombegowda Nagar, Bengaluru 560 030"
Mangalore Institute of Oncology Pvt. Ltd. (MIO),"Pumpwell, Mangaluru, 575002, Karnataka"
"Manipal Comprehensive Cancer Center, Bangalore","#98 HAL Road Bengaluru, 560017, Karnataka,"
Mazumdar Shaw Cancer Centre,"Narayana Health City, No. 258/A, Bommasandra Industrial Area, Anekal Taluk, Bengaluru 560 099, Karnataka"
"Public Health Research Institute of India (PHRII, Mysore)","No.4, I Block, Gaganachumbi Double Road, Kuvempunagar, Mysore - 570023, Karnataka, India"
Ramaiah Medical College and Hospitals,"M S Ramaiah Nagar, MSRIT post, Bangalore 560054"
SDM College of Medical Sciences & Hospital (Shri Dharmasthala Manjunatheshwara University),"Manjushree Nagar, Sattur, Dharwad, Karnataka – 580009"
Sparsh Hospital,"Off Mysore Road, RR Nagar, Bangalore 560098, India """
Sri Devraj Urs Academy of Higher Education and Research,"Post Box No. 62, Tamaka, Kolar, Karnataka"
Sri Shankara Cancer Hospital and Research Centre,"Shankara Math Premises, 1 st Cross, Shankarapuram, Basavanagudi, Bengaluru 560004"
"St. John's Oncology Centre, St. John's Medical College","Sarjapur Road, Bengaluru 560 034, Karnataka"
The Karnataka Cancer Therapy & Research Institute,"Padmashree R B Patil Cancer Hospital, Navanagar, Hubballi 580025, Karnataka State"
The Life of Science,"Flat No. 804, Petmarc Apartment, Kottara Cross, Opposite CFAL Institute, Bejai-Kapikad Road, Mangalore, Dakshina Kannada – 575003, Karnataka, India"
"Victoria Hospital, Bangalore Medical College & Research Institute (An Autonomous Institute of the Govt. of Karnataka)","Near CIty Market , Fort Road, Bengluru 560002"
Vydehi Cancer Center,"#82, Nallurahalli, Whitefield, Bangalore - 560 066"
Yen Onco Centre,"Yenepoya University, Deralakatte, Mangalore 575018"
Kerala,
"Amala Institute of Medical Sciences, Amala Cancer Hospital Society","Amala Cancer hospital Complex, Amalanagar, Thrisur, Kerala 680555"
Amrita Institute of Medical Sciences & Research Centre,"Ponekkara, P O. Kochi, Kerala 682041"
ASTER - MIMS,"Malabar Institute of Medical Sciences Ltd, Minr Bypass Road, Govindapuram P0, Calicut 673 016, Kerala, lndia"
"Aster Medicity, Aster DM Healthcare Pvt. Ltd.","Kuttisahib Road, Near Kothrud Bridge, South Chittoor, P. O. Cheranalloor, Kochi 682 027, Kerala"
Baby Memorial Hospital Cancer Centre,"Indira Gandhi Road, Kozhikode, Kerala. 673004"
Believers Church Medical College Hospital,"RB. 31, St. Thomas Nagar, Kuttapuzha 110., Thiruvalla - 689 103, Kerala"
Caritas Hospital and Institute of Health Sciences,"Thellakom, P.O. Kottayam - 686630, Kerala"
Cochin Cancer Research Centre,"ER.515/06, Ernakulam Government Medical College Compound, HMT Colony, North Kalamassery, Kochi, Kerala 683503"
"Department of Palliative care and Training Center, General Hospital, Kottayam","Kottayam-Kumily Rd, Kottayam, Kerala 686002"
Dr K M Cherian Institute of Medical Sciences,"Kallissery, P.O, Chengannur, Kerala, India - 689124"
"Government Medical College, Kozhikode","Kerala, India, Medical College PO. Pin: 673008"
Karuna Cancer Hospital,"Pallipadi, Malappuram. 676306"
KIMS Cancer Centre,"KIMS North, Anayara, P. O. Box 1,Thiruvanathpuram, 695029"
"Lisie Cancer Centre, Lisie Hospital Ernakulum","P.B. No. 3053, Kochi 682018, Kerala"
Malabar Cancer Centre,"Moozhikkara P.O, Thalassery, Kannur Dist., Kerala-670103,"
Malankara Orthodox Syrian Church Medical College and Hospital (MOSC Medical College & Hospital),"Kolenchery, Ernakulam District, Kerala 682311,"
Msgr Joseph Kandathil Memorial Cancer Research Center (Prathyasa),"Green Gardens, Charthala, 688524, Kerala"
MVR Cancer Centre,"Chooloor, Calicut - 673601, Kerala"
Pallium India -Trivandrum Institute of Palliative Sciences (TIPS),"WHO Collaborating Centre, Pallium India, Arumana Hospital, Vallakadavu, P. O. 695008, Thiruvananthapuram"
Rajagiri Hospitals,"Chunangamvely, Aluva - 683 112, Kerala"
"Regional Cancer Centre, Thiruvananthapuram","Medical College Campus, Post Bag No. 2417, Thiruvananthapuram , Kerala 695 011"
Sree Gokulam Medical College and Research Foundation,"Sree Gokulam Medical College and Research Foundation,venjaramood, Thiruvananthapuram."
St. Gregorios International Cancer Care Centre,"Parumala, Thiruvalla, Pathanamthitta District, Kerala 689626"
St. Thomas Mission Hospital and Institute of medical Sciences (Meppallilkutthy Hospital),"Pallickal P.O. Kattanam, Alappuzha Dist, Kerala 490503"
"VPS Lakeshore Hospital, Cochin","Lakeshore Hospital and Research Centre Ltd, Ernakulam, Kerala - 682040"
Madhya Pradesh,
Bansal Hospital,"Cancer Unit, Bansal Hospital, Shahapura, Bhopal, Madhya Pradesh - 462016"
BIMR Oncology Centre,"Surya Mandir Road, Near Sun Temple, Morar, Gwalior, Madhya Pradesh 474005"
Cancer Hospital & Research Centre (RCC),"Cancer Hill Gwalior 474 009, Madhya Pradesh"
Career Institute of Medical Sciences and Cancer Research Institute,"Career College Campus, opp. Dusherra Maidan, Govindpura, (BHEL), Bhopal - 462023"
Chirayu Medical College,"Bhainsakhedi, Near Bairagarh, Bhopal-Indore Highway, Bhopal, Madhya Pradesh 462030"
Indian Institute of Head & Neck Oncology,"Indore Cancer Foundation, Pigdambar Road, Rau, Near Indian Institute of Management, Indore, Madhya Pradesh 453331"
Padhar Hospital,"P. O. Padhar, District Betul, Madhya Pradesh 460 005"
Priyamvada Birla Cancer Research Institute,"M. P. Birla Hospital, J. R. Birla Road, Post Birla Vikas, Satna 485005, Madhya Pradesh"
Shalby Hospital (Indore Division),"Part 5 & 6, Race Course Road , R S bhandari Marg, Janjeerwala Square, Indore-452003, Madhya Pradesh, India"
Sri Aurobindo Institute of Medical Sciences,"Indore - Ujjain State Highway, Near MR 10 Crossing, Indore, Madhya Pradesh 453555"
SRJ CBCC Cancer Center,"142, Phadnis Colony, A.B.Road, Near LIG Square, Indore, 452001"
Vidya Cancer Hospital,"Old High Ct Rd, near High Court, Maina Wali Gali, Dal Bazaar, Lashkar, Gwalior, Madhya Pradesh 474009"
Maharashtra,
Access Life Assistance Foundation,"Jollyland CHS, Bunglow no. 6, Ghatla Village Road, Chembur, East, Mumbai 400071"
Aditya Birla Memorial Hospital,"Aditya Birla Hospital Marg, P. O. Chinchwad, Pune 411 033"
All India Institute of Medical Sciences (AIIMS) Nagpur,"Plot no. 2, Sector 20, SEZ-MIHAN, Khapri, Nagpur, 441108"
Apollo Hospital,"Plot no.13, Parsik hill road, Off Uran road, Sector-23CBD Belapur, Navi Mumbai-400614"
Apple Saraswati Multispeciality Hospital,"804/2, 805/2 circuit house Kadamwadi Road, Bhosalewadi, Kolhapur 416003"
Asian Cancer Institute,"ACI-Cumballa Hill Hospital; 93-95 August Kranti Marg, Kemps Corner; Mumbai 400 036"
B. J. Govt. Medical College,"Jai Prakash Narayan Road, Near Pune Railway Station, Pune, Maharashtra 411 001"
Bai Jerbai Wadia Children Hospital,"Acharya Dande Marg, Parel, Mumbai 400012"
BhaktiVedanta Hospital and Research Institute,"Srishti Complex Bhaktivedanta Swami Marg, Mira Road, (east), Thane 401107"
BKL Walawalkar Rural Medical College and Hospital,"BKL Walawalkar Rural hospital, Sawarde,Kasarwadi, at post Sawarde, Taluka- Chiplun, Dist Ratanagiri"
Cancer Patients Aid Association (CPAA),"Dr. Vithaldas Parmar Research & Medical Centre, Unit No. 6, Sumer Kendra, Behind Mahindra Tower, Shivram Seth Amrutwar Road, Worli, Mumbai - 400 018"
"Cipla Palliative Care Centre, Pune","Cipla Palliative Care and Training Centre, Survey No. 118/1, Mumbai – Bangalore Highway Bypass, Warje, Pune – 411508"
Cuddles Foundations,"1101, 11th floor, Tower-B,Peninsula Business Park, Ganpatrao Kadam Marg, Lower Parel, Mumbai 400 013"
Deenanath Mangeshkar Hospital & Research Centre,"Near Mhatre Bridge, Erandawne Pune 411004"
Deepak Hospital,"Town Hall, Millat Nagar Jalna - 431203. Maharhastra, T"
"Dr Vikhe Patil Radiation and Cancer Centre, Dr Vikhe Patil Memorial Hospital","Opp. Shaskiya Dudh Dairy, Vilad ghat, Ahmednagar"
Dr. L. H Hiranandani Hospital,"Hill Side Avenue, Hiranandani Gardens, Powai, Mumbai - 400 076."
"Dr. Shankarrao Chavan Government Medical College, Nanded","Vishnupuri, Nanded, Maharashtra 431 606"
"Dr. V. M. Government Medical College, Solapur","Opp. District and Sessions Court, North Sadar Bazar, Solapur"
"Fortis Hospital Ltd., Mulund, Mumbai","Mulund - Goregaon Link Rd, Nahur West, Industrial Area, Bhandup West, Mumbai, Maharashtra 400078"
Garud Cancer Hospital (Yogesh Rural Cancer Research and Relief Society),"Savedi Road, Ahmednagar - 414 003, Maharashtra, India"
Getwel Clinic & Hospital,"Shivalaya, Plot no 6, Ashok nagar, Near Jawahar Nagar Police Station, Garkheda, Aurangabad - 431009"
"Gleneagles Hospitals -Super Speciality and Transplant Centre, Mumbai","(A unit for Digestive and Kidney Disease (India) Private ltd) 35, Dr E. Borges Road, Hospital Avenue, Opp. Shirodkar High Schools, Parel, Mumbai 400012, Maharashtra"
Government Medical College Latur,"Mataji Nagar, Moti Nagar, Latur , Maharashtra 413512"
"Government Medical College, Akola","Collector Office Road, Near Ashok Vatika, Akola, Maharashtra 440 001"
"Government Medical College, Aurangabad","Panchakki Road, Aurangabad 431 001"
"Government Medical College, Chandrapur","Govt. T B Hospital Campus, Ramnagar, Civil Line, Chandrapur, Maharashtra 442401"
"Government Medical College, Nagpur","Near Hanuman Nagar, Nagpur 440 009"
"Grant Government Medical College, Cama & Albless Hospitals, Mumbai","J. J.Marg, Nagpada -Mumbai Central, Off. Jijabhoy Road, Mumbai 400 008"
Gunvati Jagannath Kapoor Foundation,"7A Barodawala Mansion, 81 Dr Annie Besant Road, Worli, Mumbai 400018"
"HCG Cancer Centre, Borivali","Holy Cross Road, I C Colony of Borivali Dahisar, New Link Road, Borivali (West), Mumbai,  Maharashtra 400092"
HCG- ICS Khubchandani Cancer Centre,"Maharshi Karve Road, opp Cooperage Football Ground, Cooperage, Mumbai 400021"
ICICI Foundation for Inclusive Growth,"Head Office, ICICI Bank Towers, Bandra-Kurla Complex, Mumbai - 400 051, Maharashtra."
"Indian Cancer Society, Mumbai","National Head Quarters, 74, Jerbai Wadia Road, Parel, Mumbai 400012"
Indian Institue of Science Education and Research (IISER Pune),"Dr Homi Bhabha Marg, Pune 411008"
Indian Institute of Technology (IIT) Powai,"Department of Chemical Engineering, Powai, Mumbai 400 076, Maharashtra"
"Indira Gandhi Government Medical College, Nagpur","Central Avenue Road, Opp. Railway Station, Nagpur 440 008"
Indrayani Hospital and Cancer Institute,"Alandi- Chakan Rad, Alandi Devachi, Tal. Khed, Dist Pune"
Jeet Association for Support to Cancer Patients (JASCAP) - NGO,"c/o Suresh & Co., 3, Nanumal Niwas, Jerbai Wadia Road, Parel, East, Mumbai – 400012, India"
Jehangir Hospital,"32, Sassoon Road, Pune 411 001"
Jupiter Hospital Pune,"Near Ambedkar Bridge, Opp. Rutuparna Society, Baner Pimple - Nilakh Road, Baner, Pune - 411045"
Kamalanayan Bajaj Cancer Care Centre Ruby Hall Clinic,"40, Sassoon Road, Pune - 41 1 001 (lNDlA)"
Kamalnayan Bajaj Hospital (Marathwada Medical and Research Institute),"Gut no 43, Satara Parisar, Bajaj Marg, Beed Bypass Road, Aurangabad 431010"
Karkinos Healthcare Private Limited,"B702, 7th Floor, Neelkanth Business park, Kirol Village, Near Bus Depot, VidyaVihar (West), Mumbai 400086"
"Khandesh Cancer Centre, Dhule","Plot NO. 16, Badgujar Plots, 90 Feet Road, Parole Road, Dhule 424001"
Kokilaben Dhirubhai Ambani Hospital,"Rao Saheb Achutrao, Patwardhan Marg, Four Bungalows, Andheri (W), Mumbai 400 053"
Kolhapur Cancer Centre,"A/P R. S. No. 238, Gokul Shirgaon, Karveer, Kolhapur 416 234"
Krishna Institute of Medical Sciences,"NH4, Pune - Bangalore Highway, Dist.Satara, Agashivnagar, Malkapur, Karad, 415539, Maharashtra"
Krupmayai Hospitals,"'Akshay', opp Youth Hostel , Near Baba Petrol Pump Aurangabad, Maharashtra"
Latur Superspeciality Hospital Pvt Ltd.,"Latur cancer & laparoscopy centre , Near Jaju Hospita, Deshpande Colony, Nandi stop, Latur 413512"
Lokmanya Holistic Cancer Care and Research Centre of (LMRC),"Lokmanya Hospital, 314/B, Near Chinchwad Railway Station, Chinchwad, Pune - 411 033, maharashtra."
Madat Charitable Trust (Cope with Cancer),"48, Swastik Park, 2nd floor, Chembur East, Mumbai - 400071"
"Mahatma Gandhi Cancer Hospital, Miraj","(Affiliated with Shiv Cancer Institute), Near Gulabrao Patil Homeopathic Medical College , Miraj - 416410, Maharashtra"
Max Foundation,"The Max Foundation,Secom Business Centre,A Block Basement,Dr Annie Besant Road,Worli,Mumbai 400018"
"Nanavati Max Institute of Cancer Care, Nanavati Max Superspeciality Hospital","S V Road, Vile Parle East, Mumbai 400056"
"Nargis Dutt Memorial Cancer Hospital, Barshi","Agalgaon Road, Barshi 413 401, Dist. Solapur, Maharashtra"
Onco-Life Cancer Centre,"TGH Onco-Life Cancer Centre, Talegoan General Hospital, Talegaon - Chakan Road, Talegoan - Dabhade , Pune, 410506, Maharashtra"
Oncolife Cancer Centre Pvt. Ltd.,"Survey No. 252, A/p Shendre, Opp. Abhaysinhraje Bhonsle Institute of Technology, Tal. & District Satara 415 519"
P.D.Hinduja National Hospital and Medical Research Center,"Veer Savarkar Marg, Mahim, Mumbai-400016"
PatientsEngage Private Limited,"AP PatientsEngage (India) Private Limited A-21 Shriram Industrial Estate 13 GD Ambedkar Road Wadala, Mumbai 400031"
"Pheo Para Foundation, Mumbai","203 Doctor House, Opp. Jaslok Hospital, Dr. Gopalrao Deshmukh Marg, Mumbai 400026"
"Prashanti Cancer Care Mission, Orchids Breast Health Centre","Flat No. 1 & 2 Kapil Vastu (Near Ratna Memorial Hospital) Senapati Bapat Road, Pune 400 006"
Punyashlok Ahilyadevi Holkar Head and Neck Institute of of India Super Specialty Hospital,"Barrister Nath Pai Marg, Cemetery, Naralwadi, Byculla, Mumbai, Maharashtra 400010"
"Rajashree Chatratpati Shahu Maharaj (RCSM) Govt. Medical College, Kolhapur","M6CM+JRQ, Shenda Park Rd, Shenda Park, Kolhapur, Maharashtra 416013"
Rashtra Sant Tukdoji Regional Cancer Hospital & Research Centre,"Manewada Road, Tukdoji Putla Chowk, Jawahar Nagar, Hanuman Nagar, Nagpur, Maharashtra 440 009"
"Reliance Hospital Cancer Care, Akola","Plot No 01, Infield Gut No - 91/1, 91, 2, Ridhora, Maharashtra 444302"
"Reliance Hospital Cancer Care, Gondia","Goregaon Road, Near HP PetrolPump Dawwa, Karanja, Maharashtra 441601"
"Reliance Hospital Cancer Care, Solapur","Plot No 1, Gut 659/3 Village Kumbhari Taluka: South, Solapur, Maharashtra 413006"
"Sahyadri Hospitals, Hadapsar","Sr. No. 163, Bhosle Nagar, Hadapsar, Pune 411028"
"Sahyadri Super Speciality Hospital, Erandwane","Plot No 30C, Erandwane, Karve Road, Pune - 411004"
"Samarth Cancer, Laparoscopy & Maternity Hospital","Plot No 4 ,Nagai Colony Near Savarkar Statue Deopur Dhule"
Sanjeevan Medical Foundation's Dr. D. K. Gosavi Memorial Shri Siddhivinayak Ganapati Cancer Hospital,"Sangli Road, Miraj 416 410"
Sant Tukaram Cancer Hospital and Research Centre,"Gorakshan Road, Akola 444004 Maharashtra , India"
Shantilal Shanghvi Cancer Center,"CS No. 3/207,4/207, RJ Gaikwad Road, Wadala (East), Mumbai - 400037."
Shree We Care Clinic,"First Floor, Nirmal Building, Plot No 24, Jain Mandir Road, N-3 CIDCO, Aurangabad, Maharashtra"
Shri Bhausaheb Hire Govt. Medical College & Sarvopchar Rugnalya,"Opposite Residancy park hotel,Mumbai Agra national highway,Surat sakri bypass, Chakkarbardi campus,Dhule,District-Dhule,Maharashtra-424002"
"Shri Guruji Rugnalaya, Nashik (Run by a charitable trust Dr.Babasaheb Ambedkar Vaidyakiya Pratisthan)","Shri Guruji Rugnalaya, Anandwalli, Gangapur road, Nashik. Maharasthra-422005"
"Shri Vasantrao Naik Government Medical College, Yavatmal, Maharashtra","Yavatmal, Maharashtra 445 001"
"Siddharth Gupta Memorial Cancer Hospital - A Unit of Acharya Vinoba Bhave Rural Hospital, Wardha","Datta Meghe Institute of Higher Education & Research, Wardha, Maharashtra 442001"
Sir H N Reliance Hospital,"Raja Ram Mohan Roy Road, Prarthana Samaj, Girgaon, Mumbai 400004"
"SMBT Institute of Medical Sciences and Research Centre, (SMBT Hospitals)  Igatpuri","Nandi Hills, Dhamangaon- Ghoti, Tal Igatpuri, Nashik, Maharashtra  422403"
Solapur Cancer Centre,"T.P-4, Ramwadi Road, modikhana, Solapur , Maharashtra 413003"
Specialty Surgical Oncology Hospital and Research Centre,"6th Floor, Silver Point, Maneklal Estate, Ghatkopar (W), Mumbai 400086"
St. Jude India Childcare,"2nd Floor, indian Cancer Society, 74 Jerbai Wadia Road, Bhoiwada, Parel (East) Mumbai 400012"
"Swami Ramanand Teerth Rural Govt. Medical College & Hospital, Ambajogai, Dist. Beed","SRT Medical College, Dr. B R Ambedkar Road, Ambajogai, Maharashtra 431517"
Tata Memorial Centre - (NCG HUB),"E. Borges Marg, Parel, Mumbai 400 012"
"Tata Memorial Centre - Advanced Centre for Treatment, Research & Education in Cancer (ACTREC)","Kharghar, Navi Mumbai 410 201"
"Tata Trusts, Mumbai","26th Floor, Centre 1, World Trade Centre, Cuffe Parade, Mumbai 400 005"
Universal Cancer Conquest,"796/189-B, Dr Ketkar Rd, Deccan Gymkhana, Pune, Maharashtra 411004"
V Care Foundation,"A 102,Om Residency, J. W. Road, Near Tata Memorial Hospital, Opp. Bhoiwada Court, Parel (East), Mumbai 400 012"
"Visual Computing & Big Data Analytics (VC&BA) Group, Centre for Development of Advanced Computing (C-DAC), (A scientific society under Deity, Ministry of Comm. & IT, Govt. of India)","VS. P. Pune University Campus, Ganeshkhind Road, Pune 411 007"
"Vivekanand Medical Foundation & Research Centre's, Vivekanand Hospital and Cancer Centre","Vidya Nagar, Signal Camp, Latur, Maharashtra 413512, Cancer Hospital Latur Plot No P-55, MIDC Latur Kalamb Road, Latur-413531"
"ZenHeal Wellness Private Ltd, Hospital name - Zen Kashi Hospital & Cancer Care Centre","B-601, Lata CHS Ltd, Kulupwadi Road, Near SGNP, Borivali (E), Mumbai - 400066"
Manipur,
"Regional Institute of Medical Sciences, Manipur","Lamphelpat, RIMS Road, Lamphelpat, Imphal, Manipur 795004"
Meghalaya,
Civil Hospital,"Dept. of Radiotherapy, Room No. 25, Shillong 793 001"
North Eastern Indira Gandhi Regional Institute of Health & Medical Sciences,"Mappwdiangdiang, Shillong (Meghalaya) 793 018"
Mizoram,
Mizoram State Cancer Institute,"Civil Hospital, Aizawl, Mizoram 796 001"
Nagaland,
"Christian Institute of Health Sciences and Research, Dimapur","4 Mile, Dimapur PB no 31, PO ARTC Nagaland 797115"
"Naga Hospital Authority, Kohima (NHAK)","Hospital Colony, NH-29, Kohima, Nagaland 797001"
National,
Association of Radiation Oncologists of India,"MIOT International Hospital, Chennai - 600089"
Indian Association of Surgical Gastroenterology,"Dept of Surgical Gastroenterology, Sanjay Gandhi Post Graduate Institute,Lucknow,226014"
Indian Association of Surgical Oncology,"Mahatma Gandhi Hospital, Miraj, District Sangli, Maharashtra 416410"
"Indian Society of Medical & Pediatric Oncology, Mumbai","Empire Clinic, 3rd Flood, Natasha Building, Hill Road, Bandra West, Mumbai- 400 050, Maharashtra, India."
Indian Society of Oncology,"Somaiya Ayurvihar - Asian Cancer Institute, Off Eastern Express Highway, Behind Everard Nagar, Sion (East), Mumbai - 400 022"
Oncology Nursing Association of India,"Tata Memorial Centre, Parel, Mumbai 400 012"
"Ostomy Association of India, Mumbai","Indian Cancer Society Building, Ground Floor, 74, Jerbai Wadia Road, Bhoiwada, Parel, Mumbai 400012"
The Association of Surgeons of India,"No.18, Adam's Road, Chepauk, Chennai, 600005, Tamil Nadu"
Odisha,
Acharya Harihar Regional Cancer Centre,"Cuttack 753007, Odisha"
"All India Institute of Medical Sciences, Bhubaneshwar","Sijua, Patrapada, Bhubaneshwar, Odisha 751019"
Amrit Dhara Palliative Care Trust,"Amritdhara Palliative Care, Plot. No. 398/4218, Laxmi Nagar, Patia, Bhubaneswar, Odisha – 751024, India"
"Apollo Hospital Enterprise Ltd., Bhubaneshwar","Plot no. 251, Sainik School Road, Unit -15, Bhubaneshwar 751005"
Bagchi Sri Shankara Cancer Centre & Research Institute,"IDCO Plot no. A2, Infovalley, Mouza - Chandihata, Bhubaneswar, Odisha, PIN - 752054,"
"HCG Panda Cancer Hospital, Cuttack","NH-16, Telengapentha, Cuttack, Odisha, 754001"
Institute of Medical Sciences & SUM Hospital,"Sector B, Kalinganagar, Ghatikia, Bhubaneshwar, Odisha, 751030 City - Bhubaneshwar"
Kalinga Institute Of Medical Science (KIMS),"Kushabhadra Campus, KIIT Campus- 5, KIIT Road, Patia, Bhubaneswar, Odisha 751024"
Puducherry,
"Jawaharlal Institute of Postgraduate Medical Education and Research (JIPMER), Regional Cancer Society","Dhanvantri Nagar, Gorimedu, Puducherry 605 006"
Punjab,
Advanced Cancer Institute,"Baba Farid University of Health Scienes, B 15, Industrial Growth Centre, Mnasa Road, Institute, Bhathinda, Punjab"
"All India Institute of Medical Sciences, Bathinda","Mandi Dabwali Road, Bathinda Punjab"
"Capitol Hospital, Jalandhar","Jalandhar-Pathankot Road, NH-44, Near Reru Chowk, Jalandhar, Punjab 144012"
Christian Medical College & Hospital,"Brown Road, Ludhiana"
"Fortis Hospital Ltd., Ludhiana","Mundian khurd, Chandigarh Road, Ludhiana 141015"
"Fortis Hospital, Mohali ","Sector 62 Phase VIII, Mohali, 160062,"
"Government Medical College, Amritsar","Circular Road, Amritsar - 149001"
"Homi Bhabha Cancer Hospital and Research Centre, Sangrur","Emergency Of Civil Hospital, Mubarik Mehal Colony, Sangrur, Punjab 148001"
"Homi Bhabha Hospital and Cancer Research , Tata Memorial Centre, Mullanpur","Plot no.1, Medicity, New Chandigarh, Mohali (Punjab) - 140901 India"
"Mohandai Oswal Hospital, Ludhiana","G T Road, Sherpur By-pas, Ludhiana - 141009"
Rajasthan,
Acharya Tulsi Regional Cancer Treatment and Research Institute,"P. B. M Hospital Campus, S.P. Medical College, Bikaner, Rajasthan 334 003"
Bhagwan Mahaveer Cancer Hospital & Research Centre (Managed by K. G. Kothari Memorial Trust),"Jawaharlal Nehru Marg, Jaipur, Rajasthan 302017"
GBH Memorial Cancer Hospital,"101 Kothi Bagh, Bhattji Ki Bari, Meera Girls ECollege Road, Udaipur, Rajasthan 313 001"
"HCG The specialist Cancer Centre , Jaipur","Sector 5, Shipra Path, Mansarovar, Jaipur, Rajasthan, India - 302 020"
"Kshetrapal Hospital Multispeciality and Research Centre, Ajmer","Sector - C, Pansheel Nagar, Ajmer"
"RHL Renova Cancer Centre, Jaipur","Opp, Jaipuria Hospital, Milap Nagar, Jaipur, 302018"
Sanchetee Hospital and Cancer Institute unit of Rajasthan Cancer Cure Hospital Private limited Jodhpur,"Pal Link Road, Opposite Kamla Nehru Chest Hospital, Baldev Nagar, Jodhpur 342 008, Rajasthan"
"Shalby Multi-specialty Hospital,Jaipur","Chitrakoot Sector 3, Vaishali Nagar, Jaipur, Rajasthan - 302021"
SKG Cancer Hospital (Unit of Goyal Hospital),"Jhalamand -Guda road, State Highway 101, Jodhpur - 342005"
"SMS Medical College, R. K. Birla Cancer Centre","Jawaharlal Nehru Marg, Gangawal Park, Jaipur 302 004, Rajasthan"
"Sri Ram Cancer and Superspeciality Centre, Mahatma Gandhi Medical College and Hospital","RICO Institutional Area, Sitapur, Tonk Road, Jaipur - 302022"
"Vedanta Superspeciality hospital, Jaipur","P.No.360, Near Kamala Devo Govt School, Tagore Nagar, Ajmer Road, Jaipur 302021"
Tamil Nadu,
Apollo Hospitals Madurai,"Apollo Speciality Hosptials, Lake view Road, K K Nagar, Madurai 625020, Tamil Nadu"
Apollo Proton Cancer Centre,"4/661, Dr. Vikram Sarabhai Instronmic Estate, 7th Street Taramani Road, Chennai 600041"
Apollo Speciality Hospital,"#320, Mount Road, Nandanam, Chennai – 600035"
"Apollo Speciality Hospitals, Vanagaram","Apollo Speciality Hospital Vanagram, No.64, Off P H Road, Vanagram to Ambattur main road, Ayanambakkam, Chennai 600095, Tamil Nadu"
Cancer Institute (WIA),"East Canal Bank Road, Gandhi Nagar, Adyar, Chennai - 600020"
Cancer Research and Relief Trust,"No 214, E.V.R Periyar Salai, Kilpauk, Chennai- 600010. India"
Chennai Breast Centre,"Old No 16, New no 47, South Beach Avenue MRC Nagar, Chennai 28"
Christian Medical College & Hospital,"Christian Medical College, IDA Scudder Road, Vellore - 632004 Tamil Nadu, India"
"Comprehensive Cancer Care Network, Trichy","No.63, 1st Main road, II cross, Vishwas Nagar, Tharanllur, Trichy 620008, TN"
Dharan Cancer specialty Centre Pvt. Ltd.,"SF no.14 By-Pass Road, Sreelanaickenpatty, Salem 636291, Tamil Nadu"
Dr. Rela Institute and Medical Centre,"Shankar Nagar, Chromepet, Chennai, Tamil Nadu 600044"
GEM Hospital & Research Centre Pvt. Ltd.,"45, Pankaja Mill Rd, Palaniapa Nagar, Sowripalayam Pirivu Ramnathapuram, Coimbatore – 641045, Tamil Nadu"
"GKNM Hospital, V N Cancer Centre","P. B. No. 6327, Nethaji Road, Pappanaikenpalayam, Coimbatore 641 037, Tamil Nadu"
Government Arignar Anna Memorial Cancer Hospital,"Regional Cancer Centre, Kaparettai AH45, Kancheepuram, Tamil Nadu 631552"
"Government Rajaji Hospital, Dept of SO, Madurai","Madurai Medical College, Government Rajaji Hospital, Department of Surgical Oncology, 2nd Floor, Ward No. 410, Madurai, PIN - 625002,"
"Government Royapettah Hospital, Kilpauk Medical College","Government Royapettah Hospital, Kilpauk, Medical College, 822, Poonamallee High Rd, Near Ega Theatre, Kilpauk, Chennai, Tamil Nadu 600010"
Government Villupuram Medical College and Hospital,"Mundiyampakkam Village & Post, Villupuram - 605601"
Govt Stanley Medical College & Hospital,"No.1, Old Jail Road, Chennai - 600001"
Gudalur Adivasi Hospital,"Kotharvayal, Post Box No. 20, Gudalur, The Nilgiris - 643 212, Tamil Nadu"
"Jus’ Onco – Affordable Cancer Care Center, Chennai","New #200, Old #299, Vellalar Street, Kodambakkam, Chennai - 24"
Kanchi Kamothi CHILDS Trust Hospital,"12A, Nageswara Road, Nungambakkam, Chennai, 600034, Tamil Nadu"
Kovai Medical Centre and Hospitals,"99 Avanashi Road, Coimbatore 641014"
Madras Medical College,"Rajiv Gandhi Government General Hospital, Chennai 600003"
Meenakshi Mission Hospital & Research center,"Lake Area, Melur Road, Madurai 625107"
Mehta Superspecialty Hospital,"Mc Nichols Road, No.2, 3rd Street, Chetpet, Chennai, Tamil Nadu 600031"
Nellai Cancer Care Centre,"2 Lakshmi commercial complex North, High Ground Rd, near Krishna Hospital, Palayamkottai, Tirunelveli, 627002, Tamil Nadu"
Privaram Cancer and Research Institute,"164, Paranjyothi Street, Tirupathi Nagar, Valasaravakkam, Chennai, Tamil Nadu - 600087"
PSG Hospitals,"Avinashi Road, Peelamedu Coimbatore 641 004 Tamil Nadu , INDIA"
SilverLine Speciality Hospital,"C23.4th Cross,West Extension,Thillai Nagar,Trichy-620018"
"Sree Mookambika Cancer Centre, Sree Mookambika Institute of Medical Sciences, Kulasekharam","Padanilam Welfare Trust, Velayuthan Pillai Memorial Hospital Complex, Padanilam, Kulasekharam - 629161,"
Sri Ramakrishna Institute of Oncology Research,"No 395, Sarojini Naidu Road Avarampalayam Road, Sidhapudur, Coimbatore - 641044"
Sringeri Sharada Equitas Hospital Cancer Cum Multi-Speciality,"No 175, Velachery Road, Gowrivakkam, Chennai, Chengalpattu, Tamil Nadu, 600073"
SRM Institutes for Medical Science (SIMS),"No. 1 Jawaharlal Nehru Salai, Vadapalani, Chennai - 600026, Tamil Nadu"
Thangam Cancer Centre,"54 Dr. Sankaran Road, Namakkal, Tamil Nadu 637001"
V. S. Hospitals Center of Excellence for Advanced Cancer Care,"#13, East Spurtank Road, Chetpet, Chennai - 600031"
Vadamalayan Hospitals (Pvt.) Ltd.,"9A, Vallabhai Road, Chokkikula, Madurai - 625002"
Telangana,
AIG Hospitals,"Mind space Road, Gachibowli, Hyderabad - 500019"
"Apollo Cancer Centres, Apollo Hospitals, Hyderabad","Apollo Health City Campus. Road No 72, Film Nagar, Jubilee Hills, Hyderabad, Telangana-500096, India."
Asian Institute of Nephrology and Urology,"6-3-562/A, Behind MORE Megastore, Erramanzil Colony, Somajiguda, Hyderabad 500082"
Basavatarakam Indo American Cancer Hospital & Research Institute,"Road No. 10, Banjara Hills, Hyderabad 500 034"
Indur Cancer Hospital,"Krishnapuri Colony, Madhavnagar, Nizamabad"
L V Prasad Eye Institute,"Kallam Anji Reddy Campus, L V Prasad Marg, Banjara Hills, Hyderabad, 500034"
"MNJ Institute of Oncology Regional Cancer Centre, Hyderabad","Red Hills, Lakdikapul, Hyderabad, Telangana 500004"
Nizam's Institute of Medical Sciences,"Punjagutta, Hyderabad 500082, Telengana"
Prathima Cancer Hospital,"2JMJ+H9R Arepally, Paidipally Road, Paidi Pally, Telangana 506006"
TCS Hyderabad Data Centre IDC,"1 st floor, Tata Communications, CFC-1 Software Unit Layout, HITec"
Virinchi Hospital,"Virinchi Circle, Rd No 1, Banjara Hills, Hyderabad, Telangana 500034"
Tripura,
Regional Cancer Centre Agartala,Agartala
Uttar Pradesh,
APEX Hospital,"N 7/2A-5D DLW Road, Hydel Rd, Varanasi, Uttar Pradesh 221005"
Apollo medics Superspeciality Hospital,"Apollomedics Super Speciality Hospital Sector B, LDA Colony, Kanpur Road, Lucknow, Uttar Pradesh"
Chandan Cancer Institute (Chandan Hospital),"Ayodhya Road, Vijayant Khand, Gomati Nagar, Lucknow - 226010. UP"
Commandant Military Hospital,"Western Wing, Civil Lines, Bareily, Uttar Pradesh 243 001"
"Fortis Hospital Noida ,U.P - International Oncology Services Pvt Ltd","B-22, sector-62, Noida -201301, Uttar Pradesh, India"
"Globe Healthcare, Lucknow","A3-5. Nirala Nagar, Lucknow. Uttar Pradesh"
Hanumanprasad Poddar Cancer Hospital and Research Centre ( H P Cancer Hospital and Research centre),"A Unit of Hanuman Prasad Poddar Smaral Samiti, Gita Vatika, Gorkhpur 273006, UP"
"Hind Institute of Medical Sciences, Barabanki","Near Minor Canal, Safedabad, Faizabad, Barabanki , UP"
"Homi Bhabha Cancer Hospital, Varanasi","Ghanti Mill Road, Lahartara, Old Loco Colony, Shivpurwa, Varanasi-221005, (Uttar Pradesh)"
"Jawaharlal Nehru Medical College and Hospital, Dept Radiation Oncology","Aligarh Muslim University, Aligarh, 202002 Uttar Pradesh"
Kalyan Singh Super Speciality Cancer Institute and Hospital,"C.G City Sultanpur Road, Lucknow, 226002"
Kamala Nehru Memorial Hospital,"1, Hashimpur Road, Allahabad 211002, Uttar Pradesh"
King George's Medical University,"Shah Mina Road, Chowk, Lucknow, Uttar Pradesh 226003"
Lucknow Cancer Institute,"1, Manas Nagar, Jiamau Lucknow, 226001"
Mahamana Pandit Madan Mohan Malaviya Cancer Centre (MPMMCC),"Sundar Bagiya, BHU Campus, Nariya Sundarpur Road,Varanasi-221005, Uttar Pradesh"
National Institute of Cancer Prevention and Research (NICPR),"1-7, Sector 39, Noida, Dist. Gautam Buddha Nagar, Uttar Pradesh 201 301"
Post Graduate Institute of Child Health,"Sector 30, Noida, Gautam Buddha Nagar, 201303"
"Rohilkhand Cancer Institute, (Medical College and Hospital)","Philbhit pass Road, opp. Suresh Sharma Nagar, Bareilly, UP"
Sanjay Gandhi Post Graduate Institute of Medical Sciences (SGPGI) - Regional Cancer Centre,"Rae Bareli Road, Lucknow 226014, Uttar Pradesh"
"Shankar Institute of Cancer Therapy and Research Centre , Mathura","Dr. Sheela Sharma Memorial Trust Mathura, 140, Mile Stone Delhi Bye-Pass Link Road Mathura, Uttar Pradesh 281003"
"Trauma Centre, Institute of Medical Sciences, Banaras Hindu University","Institute of Medical Sciences, BHU, Varanasi - Samne Ghat Rd, opp. HP Petrol Pump, Bhagwanpur, Varanasi, Uttar Pradesh - 221005"
Uttarakhand,
"All India Institute of Medical Sciences, Rishikesh","All India Institute of Medical Sciences, Rishikesh, Uttarakhand - 249203"
"Cancer Research Institute, Swami Rama Himalayan University, Himalayan Institute Hospital Trust","Swami Ram Nagar, P. O. Jolly Grant, Dehradun 248 016, Uttarakhand"
"Shri Guru Ram Rai Institute of Medical & Health Sciences /Shri Mahant Indiresh Hospital, Dehradun","Shri Guru Ram Rai Institute of Medical & Health Sciences /Shri Mahant Indiresh Hospital, Dehradun, Patel Nagar, Dehradun 248001"
West Bengal,
"Apollo Gleneagles Hospitals, Kolkata","58, Canal Circular Road, Kolkata - 700054"
Chittaranjan National Cancer Institute,"37, S. P. Mukherjee Road, Kolkata 700 026"
Medella-Karkinos Oncology Institute (Karkinos Healthcare Pvt. Ltd),"87FB.T.Road, Kamarhati, Agarpara, Kolkata, 700058"
Medica Superspeciality Hospital (Medica Hospital Pvt. Ltd.),"127, Mukundnagar, E.M. Bypass Kolkata 700099, Kolkata, West Bengal"
Mohonanada Cancer Hospital,"Rangamati Path, Bidhannagar, Durgapur - 713212, West Bengal"
"Narayana Superspeciality Hospital, Meridian Medical Research & Hospital Ltd.","West Bank Hospital, 120/1, Andul Road, Howrah 711 103"
Netaji Subhash Chandra Bose Cancer Hospital ( Himadri Welfare Trust)  ,"3081 Nayabad , Kolkata 700094 Near 1B Bus Stand , New Garia ,West Bengal , India"
Oncocare Human Welfare Trust,"Regd. Office : OM Skylark, Flat- R-13, Gr. Floor, 59 B T Road , Kolkata, West Bengal, India 700002"
Peerless Hospitex Hospital and Research Center Ltd.,"360, Panchasayar, Kolkata, 700094"
"Saroj Gupta Cancer Centre & Research Institute, Kolkata","Mahatma Gandhi Road, Thakur Pukur, Kolkata, West Bengal 700 063"
Tata Medical Center,"14 MAR (E-W), New Town, Rajarhat, Kolkata, West Bengal 700 160"
